<?xml version='1.0'?>
<home version='5300' exportFlags='27' name='Design #2.sh3d' structure='HomeStructure/Home.obj' camera='observerCamera'>
  <environment groundColor='00A8A8A8' skyColor='00CCE4FC' lightColor='00D0D0D0' wallsAlpha='0.078431375'/>
  <observerCamera attribute='observerCamera' lens='PINHOLE' x='281.8723' y='145.82996' z='170.0' yaw='2.6561966' pitch='0.3157968' fieldOfView='2.0943952' time='1486296000928'/>
  <camera attribute='topCamera' lens='PINHOLE' x='-73.27103' y='316.64786' z='169.83885' yaw='23.036758' pitch='0.054999992' fieldOfView='1.0995575' time='1486296000927'/>
  <doorOrWindow catalogId='eTeks#doubleWindow126x123' name='Double small window' creator='eTeks' model='1/model.obj' x='309.88' y='0.0' elevation='55.879997' angle='3.1415927' width='144.78' depth='10.451842' height='144.78' color='FFDBA500' movable='false'/>
  <doorOrWindow catalogId='eTeks#doubleWindow126x123' name='Double small window' creator='eTeks' model='1/model.obj' x='398.6342' y='153.10362' elevation='55.879997' angle='1.5707964' width='144.78' depth='10.451842' height='144.78' color='FFDBA500' movable='false'/>
  <pieceOfFurniture catalogId='eTeks#fridge' name='Fridge' creator='eTeks' model='3/model.obj' x='45.720005' y='39.80075' width='91.44' depth='76.2' height='213.36'>
    <material name='silver' shininess='0.5078125'/>
  </pieceOfFurniture>
  <pieceOfFurniture catalogId='eTeks#dishwasher' name='Dishwasher' creator='eTeks' model='5/model.obj' x='160.01999' y='40.64' width='60.96' depth='76.2' height='96.520004'/>
  <pieceOfFurniture catalogId='Blend Swap CC-BY#kitchenSmallLowerCabinet' name='Small lower cabinet' creator='Jay-Artist' model='7/kitchenSmallLowerCabinet.obj' x='110.49' y='40.66842' width='38.1' depth='76.2' height='101.600006' shininess='0.0'/>
  <pieceOfFurniture catalogId='Blend Swap CC-BY#kitchenSink' name='Sink' creator='Jay-Artist, Kator Legaz &amp; eTeks' model='9/kitchenSink.obj' x='269.24' y='38.1' width='81.28' depth='76.2' height='109.855'/>
  <pieceOfFurniture catalogId='eTeks#fridgeFreezer' name='Freezer' creator='eTeks' model='11/model.obj' x='38.1' y='274.32' angle='3.1415927' width='76.2' depth='76.2' height='96.520004'/>
  <pieceOfFurniture catalogId='eTeks#fridgeFreezer' name='Freezer' creator='eTeks' model='11/model.obj' x='190.50002' y='274.32' angle='3.1415927' width='76.2' depth='76.2' height='96.520004'/>
  <pieceOfFurniture catalogId='eTeks#cooker' name='Cooker' creator='eTeks' model='13/model.obj' x='114.299995' y='274.32' angle='3.1415927' width='76.2' depth='76.2' height='96.520004'/>
  <pieceOfFurniture catalogId='eTeks#kitchenCabinet' name='Kitchen cabinet' creator='eTeks' model='15/model.obj' x='281.94003' y='274.82526' angle='3.1415925' width='106.68' depth='76.2' height='243.84' movable='false'/>
  <pieceOfFurniture catalogId='Blend Swap CC-BY#hood' name='Hood' creator='Jay-Artist' model='17/hood.obj' x='114.3' y='289.56' elevation='188.595' angle='3.1415925' width='86.36' depth='45.72' height='48.5775' movable='false'/>
  <pieceOfFurniture catalogId='Blend Swap CC-BY#kitchenSmallUpperCabinet' name='Upper cabinet' creator='Jay-Artist' model='19/kitchenSmallUpperCabinet.obj' x='365.75998' y='275.46744' elevation='182.88' angle='3.1415925' width='60.96' depth='76.2' height='60.96'/>
  <pieceOfFurniture catalogId='Blend Swap CC-0#oven' name='Oven' creator='Martanda' model='21/oven.obj' x='365.75998' y='271.78' elevation='91.44' angle='3.1415925' width='60.96' depth='76.2' height='45.72'/>
  <pieceOfFurniture catalogId='Blend Swap CC-0#oven' name='Oven' creator='Martanda' model='21/oven.obj' x='365.75998' y='271.78' elevation='137.16' angle='3.1415925' width='60.96' depth='76.2' height='45.72'/>
  <pieceOfFurniture catalogId='Blend Swap CC-BY#kitchenUpperCabinet' name='Upper cabinet' creator='Jay-Artist' model='23/kitchenUpperCabinet.obj' x='35.559998' y='289.56' elevation='149.86' angle='3.1415925' width='71.119995' depth='45.72' height='93.98'/>
  <pieceOfFurniture catalogId='Blend Swap CC-BY#kitchenUpperCabinet' name='Upper cabinet' creator='Jay-Artist' model='23/kitchenUpperCabinet.obj' x='193.04001' y='289.67313' elevation='149.86' angle='3.1415925' width='71.119995' depth='45.72' height='93.98'/>
  <pieceOfFurniture catalogId='Blend Swap CC-BY#kitchenUpperCabinet' name='Upper cabinet' creator='Jay-Artist' model='23/kitchenUpperCabinet.obj' x='160.01999' y='22.86' elevation='149.86' width='137.16' depth='45.72' height='93.98'/>
  <pieceOfFurniture catalogId='Blend Swap CC-BY#kitchenUpperCabinet' name='Upper cabinet' creator='Jay-Artist' model='23/kitchenUpperCabinet.obj' x='45.72001' y='38.1' elevation='213.35999' width='91.44' depth='76.2' height='30.48'/>
  <pieceOfFurniture catalogId='Blend Swap CC-BY#kitchenLowerCabinet' name='Lower cabinet' creator='Jay-Artist' model='25/kitchenLowerCabinet.obj' x='365.75998' y='274.32' angle='3.1415925' width='60.96' depth='76.2' height='91.44'/>
  <pieceOfFurniture catalogId='Blend Swap CC-BY#kitchenSmallLowerCabinet' name='Garbage Compactor' creator='Jay-Artist' model='7/kitchenSmallLowerCabinet.obj' x='209.55' y='41.248085' width='38.1' depth='76.2' height='101.600006' shininess='0.0'/>
  <pieceOfFurniture catalogId='Reallusion#female02' name='Female' creator='Reallusion' model='27/female02.obj' x='363.85876' y='86.1789' angle='0.5235988' width='53.0225' depth='45.085' height='168.275'/>
  <pieceOfFurniture catalogId='Kator Legaz#male-01-suit' name='Male' creator='Kator Legaz' model='29/male-01-suit.obj' x='119.975464' y='215.5825' angle='5.7595863' width='55.879997' depth='41.274998' height='185.1025'/>
</home>